{
  "project_info": {
    "project_number": "457627624899",
    "project_id": "kok-unity",
    "storage_bucket": "kok-unity.appspot.com"
  },
  "client": [
    {
      "client_info": {
        "mobilesdk_app_id": "1:457627624899:android:7be6305b7de3e2ea5d4976",
        "android_client_info": {
          "package_name": "com.capstoneproject2024.kok"
        }
      },
      "oauth_client": [],
      "api_key": [
        {
          "current_key": "AIzaSyDhBDpCw7h4_3B91h55S1_rzrk6GhoVlFw"
        }
      ],
      "services": {
        "appinvite_service": {
          "other_platform_oauth_client": []
        }
      }
    }
  ],
  "configuration_version": "1"
}